{
  "name": "ZON_NORR_to_ZON_MITT",
  "zone_source": "ZON_NORR",
  "zone_sink": "ZON_MITT",
  "zone_a_buses": [
    0,
    18,
    51,
    464,
    485,
    486,
    507,
    623,
    624,
    711,
    729,
    761,
    765,
    777,
    778,
    802,
    829,
    842,
    866,
    895,
    1014,
    1087,
    1088
  ],
  "zone_b_buses": [
    99,
    128,
    130,
    166,
    167,
    190,
    266,
    295,
    346,
    390,
    434,
    509,
    544,
    588,
    936,
    971,
    1055,
    1131,
    1132
  ],
  "corridor_lines": [
    [
      3,
      1
    ],
    [
      38,
      1
    ],
    [
      56,
      1
    ],
    [
      62,
      1
    ],
    [
      67,
      1
    ]
  ],
  "corridor_trafos": [],
  "gsk_a": {
    "0": 0.06418918918918919,
    "1": 0.09628378378378379,
    "18": 0.04814189189189189,
    "19": 0.08023648648648649,
    "20": 0.05320945945945946,
    "21": 0.11233108108108109,
    "25": 0.05616554054054054,
    "26": 0.09628378378378379,
    "27": 0.04011824324324324,
    "29": 0.08023648648648649,
    "30": 0.04814189189189189,
    "31": 0.04814189189189189,
    "32": 0.08023648648648649,
    "36": 0.09628378378378379
  },
  "gsk_b": {
    "3": 0.15555555555555556,
    "4": 0.15555555555555556,
    "5": 0.13333333333333333,
    "6": 0.13333333333333333,
    "12": 0.08888888888888889,
    "13": 0.044444444444444446,
    "15": 0.15555555555555556,
    "16": 0.044444444444444446,
    "17": 0.044444444444444446,
    "37": 0.044444444444444446,
    "38": 0.0
  },
  "base_flow_a_to_b": 2498.2824057140037
}